{"cameraMode":{"drawMode":0,"name":"Shaded","section":"Shading Mode"},"sceneLighting":true,"audioPlay":false,"sceneViewState":{"m_AlwaysRefresh":false,"showFog":true,"showSkybox":true,"showFlares":true,"showImageEffects":true,"showParticleSystems":true,"showVisualEffectGraphs":true,"m_FxEnabled":true},"in2DMode":false,"pivot":{"x":-0.5344045162200928,"y":0.019061684608459474,"z":-0.4415152072906494},"rotation":{"x":0.17500199377536775,"y":-0.4211523234844208,"z":0.08318468928337097,"w":0.8860563039779663},"size":3.5968854427337648,"orthographic":true}