{"cameraMode":{"drawMode":0,"name":"Shaded","section":"Shading Mode"},"sceneLighting":true,"audioPlay":false,"sceneViewState":{"m_AlwaysRefresh":false,"showFog":true,"showSkybox":true,"showFlares":true,"showImageEffects":true,"showParticleSystems":true,"showVisualEffectGraphs":true,"m_FxEnabled":true},"in2DMode":false,"pivot":{"x":2.0279014110565187,"y":-1.1396971940994263,"z":1.4423730373382569},"rotation":{"x":0.1611168384552002,"y":0.36074772477149966,"z":-0.06336024403572083,"w":0.9164931774139404},"size":3.8920018672943117,"orthographic":true}