{"cameraMode":{"drawMode":0,"name":"Shaded","section":"Shading Mode"},"sceneLighting":true,"audioPlay":false,"sceneViewState":{"m_AlwaysRefresh":false,"showFog":true,"showSkybox":true,"showFlares":true,"showImageEffects":true,"showParticleSystems":true,"showVisualEffectGraphs":true,"m_FxEnabled":true},"in2DMode":false,"pivot":{"x":-0.5344045162200928,"y":0.019061684608459474,"z":-0.4415152072906494},"rotation":{"x":0.18590980768203736,"y":-0.3395048677921295,"z":0.06864757835865021,"w":0.9194954633712769},"size":10.614773750305176,"orthographic":true}