{"cameraMode":{"drawMode":0,"name":"Shaded","section":"Shading Mode"},"sceneLighting":false,"audioPlay":false,"sceneViewState":{"m_AlwaysRefresh":false,"showFog":true,"showSkybox":false,"showFlares":true,"showImageEffects":true,"showParticleSystems":true,"showVisualEffectGraphs":true,"m_FxEnabled":true},"in2DMode":false,"pivot":{"x":-0.15211592614650727,"y":0.21560707688331605,"z":-0.48165255784988406},"rotation":{"x":0.15879717469215394,"y":0.1111115962266922,"z":-0.01798974722623825,"w":0.9808793067932129},"size":1.0924800634384156,"orthographic":true}